name,source,file_url,licence
tex_large_sandstone_blocks_01_diff.jpg,https://dl.polyhaven.org/file/ph-assets/Textures/jpg/2k/large_sandstone_blocks_01/large_sandstone_blocks_01_diff_2k.jpg,https://dl.polyhaven.org/file/ph-assets/Textures/jpg/2k/large_sandstone_blocks_01/large_sandstone_blocks_01_diff_2k.jpg,see source
tex_large_sandstone_blocks_01_nor_gl.jpg,https://dl.polyhaven.org/file/ph-assets/Textures/jpg/2k/large_sandstone_blocks_01/large_sandstone_blocks_01_nor_gl_2k.jpg,https://dl.polyhaven.org/file/ph-assets/Textures/jpg/2k/large_sandstone_blocks_01/large_sandstone_blocks_01_nor_gl_2k.jpg,see source
tex_large_sandstone_blocks_01_disp.jpg,https://dl.polyhaven.org/file/ph-assets/Textures/jpg/2k/large_sandstone_blocks_01/large_sandstone_blocks_01_disp_2k.jpg,https://dl.polyhaven.org/file/ph-assets/Textures/jpg/2k/large_sandstone_blocks_01/large_sandstone_blocks_01_disp_2k.jpg,see source
tex_medieval_blocks_03_diff.jpg,https://dl.polyhaven.org/file/ph-assets/Textures/jpg/2k/medieval_blocks_03/medieval_blocks_03_diff_2k.jpg,https://dl.polyhaven.org/file/ph-assets/Textures/jpg/2k/medieval_blocks_03/medieval_blocks_03_diff_2k.jpg,see source
tex_medieval_blocks_03_nor_gl.jpg,https://dl.polyhaven.org/file/ph-assets/Textures/jpg/2k/medieval_blocks_03/medieval_blocks_03_nor_gl_2k.jpg,https://dl.polyhaven.org/file/ph-assets/Textures/jpg/2k/medieval_blocks_03/medieval_blocks_03_nor_gl_2k.jpg,see source
tex_medieval_blocks_03_disp.jpg,https://dl.polyhaven.org/file/ph-assets/Textures/jpg/2k/medieval_blocks_03/medieval_blocks_03_disp_2k.jpg,https://dl.polyhaven.org/file/ph-assets/Textures/jpg/2k/medieval_blocks_03/medieval_blocks_03_disp_2k.jpg,see source
tex_castle_brick_07_diff.jpg,https://dl.polyhaven.org/file/ph-assets/Textures/jpg/2k/castle_brick_07/castle_brick_07_diff_2k.jpg,https://dl.polyhaven.org/file/ph-assets/Textures/jpg/2k/castle_brick_07/castle_brick_07_diff_2k.jpg,see source
tex_castle_brick_07_nor_gl.jpg,https://dl.polyhaven.org/file/ph-assets/Textures/jpg/2k/castle_brick_07/castle_brick_07_nor_gl_2k.jpg,https://dl.polyhaven.org/file/ph-assets/Textures/jpg/2k/castle_brick_07/castle_brick_07_nor_gl_2k.jpg,see source
tex_castle_brick_07_disp.jpg,https://dl.polyhaven.org/file/ph-assets/Textures/jpg/2k/castle_brick_07/castle_brick_07_disp_2k.jpg,https://dl.polyhaven.org/file/ph-assets/Textures/jpg/2k/castle_brick_07/castle_brick_07_disp_2k.jpg,see source
tex_rough_block_wall_diff.jpg,https://dl.polyhaven.org/file/ph-assets/Textures/jpg/2k/rough_block_wall/rough_block_wall_diff_2k.jpg,https://dl.polyhaven.org/file/ph-assets/Textures/jpg/2k/rough_block_wall/rough_block_wall_diff_2k.jpg,see source
tex_rough_block_wall_nor_gl.jpg,https://dl.polyhaven.org/file/ph-assets/Textures/jpg/2k/rough_block_wall/rough_block_wall_nor_gl_2k.jpg,https://dl.polyhaven.org/file/ph-assets/Textures/jpg/2k/rough_block_wall/rough_block_wall_nor_gl_2k.jpg,see source
tex_rough_block_wall_disp.jpg,https://dl.polyhaven.org/file/ph-assets/Textures/jpg/2k/rough_block_wall/rough_block_wall_disp_2k.jpg,https://dl.polyhaven.org/file/ph-assets/Textures/jpg/2k/rough_block_wall/rough_block_wall_disp_2k.jpg,see source
tex_medieval_wall_01_diff.jpg,https://dl.polyhaven.org/file/ph-assets/Textures/jpg/2k/medieval_wall_01/medieval_wall_01_diff_2k.jpg,https://dl.polyhaven.org/file/ph-assets/Textures/jpg/2k/medieval_wall_01/medieval_wall_01_diff_2k.jpg,see source
tex_medieval_wall_01_nor_gl.jpg,https://dl.polyhaven.org/file/ph-assets/Textures/jpg/2k/medieval_wall_01/medieval_wall_01_nor_gl_2k.jpg,https://dl.polyhaven.org/file/ph-assets/Textures/jpg/2k/medieval_wall_01/medieval_wall_01_nor_gl_2k.jpg,see source
tex_medieval_wall_01_disp.jpg,https://dl.polyhaven.org/file/ph-assets/Textures/jpg/2k/medieval_wall_01/medieval_wall_01_disp_2k.jpg,https://dl.polyhaven.org/file/ph-assets/Textures/jpg/2k/medieval_wall_01/medieval_wall_01_disp_2k.jpg,see source
tex_damaged_plaster_diff.jpg,https://dl.polyhaven.org/file/ph-assets/Textures/jpg/2k/damaged_plaster/damaged_plaster_diff_2k.jpg,https://dl.polyhaven.org/file/ph-assets/Textures/jpg/2k/damaged_plaster/damaged_plaster_diff_2k.jpg,see source
tex_damaged_plaster_nor_gl.jpg,https://dl.polyhaven.org/file/ph-assets/Textures/jpg/2k/damaged_plaster/damaged_plaster_nor_gl_2k.jpg,https://dl.polyhaven.org/file/ph-assets/Textures/jpg/2k/damaged_plaster/damaged_plaster_nor_gl_2k.jpg,see source
tex_damaged_plaster_disp.jpg,https://dl.polyhaven.org/file/ph-assets/Textures/jpg/2k/damaged_plaster/damaged_plaster_disp_2k.jpg,https://dl.polyhaven.org/file/ph-assets/Textures/jpg/2k/damaged_plaster/damaged_plaster_disp_2k.jpg,see source
tex_clay_plaster_diff.jpg,https://dl.polyhaven.org/file/ph-assets/Textures/jpg/2k/clay_plaster/clay_plaster_diff_2k.jpg,https://dl.polyhaven.org/file/ph-assets/Textures/jpg/2k/clay_plaster/clay_plaster_diff_2k.jpg,see source
tex_clay_plaster_nor_gl.jpg,https://dl.polyhaven.org/file/ph-assets/Textures/jpg/2k/clay_plaster/clay_plaster_nor_gl_2k.jpg,https://dl.polyhaven.org/file/ph-assets/Textures/jpg/2k/clay_plaster/clay_plaster_nor_gl_2k.jpg,see source
tex_medieval_wood_diff.jpg,https://dl.polyhaven.org/file/ph-assets/Textures/jpg/2k/medieval_wood/medieval_wood_diff_2k.jpg,https://dl.polyhaven.org/file/ph-assets/Textures/jpg/2k/medieval_wood/medieval_wood_diff_2k.jpg,see source
tex_medieval_wood_nor_gl.jpg,https://dl.polyhaven.org/file/ph-assets/Textures/jpg/2k/medieval_wood/medieval_wood_nor_gl_2k.jpg,https://dl.polyhaven.org/file/ph-assets/Textures/jpg/2k/medieval_wood/medieval_wood_nor_gl_2k.jpg,see source
tex_medieval_wood_disp.jpg,https://dl.polyhaven.org/file/ph-assets/Textures/jpg/2k/medieval_wood/medieval_wood_disp_2k.jpg,https://dl.polyhaven.org/file/ph-assets/Textures/jpg/2k/medieval_wood/medieval_wood_disp_2k.jpg,see source
tex_old_planks_02_diff.jpg,https://dl.polyhaven.org/file/ph-assets/Textures/jpg/2k/old_planks_02/old_planks_02_diff_2k.jpg,https://dl.polyhaven.org/file/ph-assets/Textures/jpg/2k/old_planks_02/old_planks_02_diff_2k.jpg,see source
tex_old_planks_02_nor_gl.jpg,https://dl.polyhaven.org/file/ph-assets/Textures/jpg/2k/old_planks_02/old_planks_02_nor_gl_2k.jpg,https://dl.polyhaven.org/file/ph-assets/Textures/jpg/2k/old_planks_02/old_planks_02_nor_gl_2k.jpg,see source
tex_old_planks_02_disp.jpg,https://dl.polyhaven.org/file/ph-assets/Textures/jpg/2k/old_planks_02/old_planks_02_disp_2k.jpg,https://dl.polyhaven.org/file/ph-assets/Textures/jpg/2k/old_planks_02/old_planks_02_disp_2k.jpg,see source
tex_rough_wood_diff.jpg,https://dl.polyhaven.org/file/ph-assets/Textures/jpg/2k/rough_wood/rough_wood_diff_2k.jpg,https://dl.polyhaven.org/file/ph-assets/Textures/jpg/2k/rough_wood/rough_wood_diff_2k.jpg,see source
tex_rough_wood_nor_gl.jpg,https://dl.polyhaven.org/file/ph-assets/Textures/jpg/2k/rough_wood/rough_wood_nor_gl_2k.jpg,https://dl.polyhaven.org/file/ph-assets/Textures/jpg/2k/rough_wood/rough_wood_nor_gl_2k.jpg,see source
tex_rough_wood_disp.jpg,https://dl.polyhaven.org/file/ph-assets/Textures/jpg/2k/rough_wood/rough_wood_disp_2k.jpg,https://dl.polyhaven.org/file/ph-assets/Textures/jpg/2k/rough_wood/rough_wood_disp_2k.jpg,see source
tex_dark_wooden_planks_diff.jpg,https://dl.polyhaven.org/file/ph-assets/Textures/jpg/2k/dark_wooden_planks/dark_wooden_planks_diff_2k.jpg,https://dl.polyhaven.org/file/ph-assets/Textures/jpg/2k/dark_wooden_planks/dark_wooden_planks_diff_2k.jpg,see source
tex_dark_wooden_planks_nor_gl.jpg,https://dl.polyhaven.org/file/ph-assets/Textures/jpg/2k/dark_wooden_planks/dark_wooden_planks_nor_gl_2k.jpg,https://dl.polyhaven.org/file/ph-assets/Textures/jpg/2k/dark_wooden_planks/dark_wooden_planks_nor_gl_2k.jpg,see source
tex_beam_wall_01_diff.jpg,https://dl.polyhaven.org/file/ph-assets/Textures/jpg/2k/beam_wall_01/beam_wall_01_diff_2k.jpg,https://dl.polyhaven.org/file/ph-assets/Textures/jpg/2k/beam_wall_01/beam_wall_01_diff_2k.jpg,see source
tex_beam_wall_01_nor_gl.jpg,https://dl.polyhaven.org/file/ph-assets/Textures/jpg/2k/beam_wall_01/beam_wall_01_nor_gl_2k.jpg,https://dl.polyhaven.org/file/ph-assets/Textures/jpg/2k/beam_wall_01/beam_wall_01_nor_gl_2k.jpg,see source
tex_beam_wall_01_disp.jpg,https://dl.polyhaven.org/file/ph-assets/Textures/jpg/2k/beam_wall_01/beam_wall_01_disp_2k.jpg,https://dl.polyhaven.org/file/ph-assets/Textures/jpg/2k/beam_wall_01/beam_wall_01_disp_2k.jpg,see source
tex_rough_pine_door_diff.jpg,https://dl.polyhaven.org/file/ph-assets/Textures/jpg/2k/rough_pine_door/rough_pine_door_diff_2k.jpg,https://dl.polyhaven.org/file/ph-assets/Textures/jpg/2k/rough_pine_door/rough_pine_door_diff_2k.jpg,see source
tex_rough_pine_door_nor_gl.jpg,https://dl.polyhaven.org/file/ph-assets/Textures/jpg/2k/rough_pine_door/rough_pine_door_nor_gl_2k.jpg,https://dl.polyhaven.org/file/ph-assets/Textures/jpg/2k/rough_pine_door/rough_pine_door_nor_gl_2k.jpg,see source
tex_rough_pine_door_disp.jpg,https://dl.polyhaven.org/file/ph-assets/Textures/jpg/2k/rough_pine_door/rough_pine_door_disp_2k.jpg,https://dl.polyhaven.org/file/ph-assets/Textures/jpg/2k/rough_pine_door/rough_pine_door_disp_2k.jpg,see source
tex_dark_paneled_wood_diff.jpg,https://dl.polyhaven.org/file/ph-assets/Textures/jpg/2k/dark_paneled_wood/dark_paneled_wood_diff_2k.jpg,https://dl.polyhaven.org/file/ph-assets/Textures/jpg/2k/dark_paneled_wood/dark_paneled_wood_diff_2k.jpg,see source
tex_dark_paneled_wood_nor_gl.jpg,https://dl.polyhaven.org/file/ph-assets/Textures/jpg/2k/dark_paneled_wood/dark_paneled_wood_nor_gl_2k.jpg,https://dl.polyhaven.org/file/ph-assets/Textures/jpg/2k/dark_paneled_wood/dark_paneled_wood_nor_gl_2k.jpg,see source
tex_clay_roof_tiles_diff.jpg,https://dl.polyhaven.org/file/ph-assets/Textures/jpg/2k/clay_roof_tiles/clay_roof_tiles_diff_2k.jpg,https://dl.polyhaven.org/file/ph-assets/Textures/jpg/2k/clay_roof_tiles/clay_roof_tiles_diff_2k.jpg,see source
tex_clay_roof_tiles_nor_gl.jpg,https://dl.polyhaven.org/file/ph-assets/Textures/jpg/2k/clay_roof_tiles/clay_roof_tiles_nor_gl_2k.jpg,https://dl.polyhaven.org/file/ph-assets/Textures/jpg/2k/clay_roof_tiles/clay_roof_tiles_nor_gl_2k.jpg,see source
tex_red_slate_roof_tiles_01_diff.jpg,https://dl.polyhaven.org/file/ph-assets/Textures/jpg/2k/red_slate_roof_tiles_01/red_slate_roof_tiles_01_diff_2k.jpg,https://dl.polyhaven.org/file/ph-assets/Textures/jpg/2k/red_slate_roof_tiles_01/red_slate_roof_tiles_01_diff_2k.jpg,see source
tex_red_slate_roof_tiles_01_nor_gl.jpg,https://dl.polyhaven.org/file/ph-assets/Textures/jpg/2k/red_slate_roof_tiles_01/red_slate_roof_tiles_01_nor_gl_2k.jpg,https://dl.polyhaven.org/file/ph-assets/Textures/jpg/2k/red_slate_roof_tiles_01/red_slate_roof_tiles_01_nor_gl_2k.jpg,see source
tex_rough_linen_diff.jpg,https://dl.polyhaven.org/file/ph-assets/Textures/jpg/2k/rough_linen/rough_linen_diff_2k.jpg,https://dl.polyhaven.org/file/ph-assets/Textures/jpg/2k/rough_linen/rough_linen_diff_2k.jpg,see source
tex_rough_linen_nor_gl.jpg,https://dl.polyhaven.org/file/ph-assets/Textures/jpg/2k/rough_linen/rough_linen_nor_gl_2k.jpg,https://dl.polyhaven.org/file/ph-assets/Textures/jpg/2k/rough_linen/rough_linen_nor_gl_2k.jpg,see source
tex_hessian_230_diff.jpg,https://dl.polyhaven.org/file/ph-assets/Textures/jpg/2k/hessian_230/hessian_230_diff_2k.jpg,https://dl.polyhaven.org/file/ph-assets/Textures/jpg/2k/hessian_230/hessian_230_diff_2k.jpg,see source
tex_hessian_230_nor_gl.jpg,https://dl.polyhaven.org/file/ph-assets/Textures/jpg/2k/hessian_230/hessian_230_nor_gl_2k.jpg,https://dl.polyhaven.org/file/ph-assets/Textures/jpg/2k/hessian_230/hessian_230_nor_gl_2k.jpg,see source
tex_brown_leather_nor_gl.jpg,https://dl.polyhaven.org/file/ph-assets/Textures/jpg/2k/brown_leather/brown_leather_nor_gl_2k.jpg,https://dl.polyhaven.org/file/ph-assets/Textures/jpg/2k/brown_leather/brown_leather_nor_gl_2k.jpg,see source
tex_rusty_metal_02_diff.jpg,https://dl.polyhaven.org/file/ph-assets/Textures/jpg/2k/rusty_metal_02/rusty_metal_02_diff_2k.jpg,https://dl.polyhaven.org/file/ph-assets/Textures/jpg/2k/rusty_metal_02/rusty_metal_02_diff_2k.jpg,see source
tex_rusty_metal_02_nor_gl.jpg,https://dl.polyhaven.org/file/ph-assets/Textures/jpg/2k/rusty_metal_02/rusty_metal_02_nor_gl_2k.jpg,https://dl.polyhaven.org/file/ph-assets/Textures/jpg/2k/rusty_metal_02/rusty_metal_02_nor_gl_2k.jpg,see source
tex_rust_coarse_01_diff.jpg,https://dl.polyhaven.org/file/ph-assets/Textures/jpg/2k/rust_coarse_01/rust_coarse_01_diff_2k.jpg,https://dl.polyhaven.org/file/ph-assets/Textures/jpg/2k/rust_coarse_01/rust_coarse_01_diff_2k.jpg,see source
tex_rust_coarse_01_nor_gl.jpg,https://dl.polyhaven.org/file/ph-assets/Textures/jpg/2k/rust_coarse_01/rust_coarse_01_nor_gl_2k.jpg,https://dl.polyhaven.org/file/ph-assets/Textures/jpg/2k/rust_coarse_01/rust_coarse_01_nor_gl_2k.jpg,see source
tex_patterned_cobblestone_diff.jpg,https://dl.polyhaven.org/file/ph-assets/Textures/jpg/2k/patterned_cobblestone/patterned_cobblestone_diff_2k.jpg,https://dl.polyhaven.org/file/ph-assets/Textures/jpg/2k/patterned_cobblestone/patterned_cobblestone_diff_2k.jpg,see source
tex_patterned_cobblestone_nor_gl.jpg,https://dl.polyhaven.org/file/ph-assets/Textures/jpg/2k/patterned_cobblestone/patterned_cobblestone_nor_gl_2k.jpg,https://dl.polyhaven.org/file/ph-assets/Textures/jpg/2k/patterned_cobblestone/patterned_cobblestone_nor_gl_2k.jpg,see source
tex_patterned_cobblestone_disp.jpg,https://dl.polyhaven.org/file/ph-assets/Textures/jpg/2k/patterned_cobblestone/patterned_cobblestone_disp_2k.jpg,https://dl.polyhaven.org/file/ph-assets/Textures/jpg/2k/patterned_cobblestone/patterned_cobblestone_disp_2k.jpg,see source
tex_cobblestone_04_diff.jpg,https://dl.polyhaven.org/file/ph-assets/Textures/jpg/2k/cobblestone_04/cobblestone_04_diff_2k.jpg,https://dl.polyhaven.org/file/ph-assets/Textures/jpg/2k/cobblestone_04/cobblestone_04_diff_2k.jpg,see source
tex_cobblestone_04_nor_gl.jpg,https://dl.polyhaven.org/file/ph-assets/Textures/jpg/2k/cobblestone_04/cobblestone_04_nor_gl_2k.jpg,https://dl.polyhaven.org/file/ph-assets/Textures/jpg/2k/cobblestone_04/cobblestone_04_nor_gl_2k.jpg,see source
vsco_cb.tgz,https://github.com/sgossner/VSCO-2-CE.git,/Strings/Solo%20Contrabass/SusNV/* /Strings/Solo%20Contrabass/SusVib/* /Strings/Solo%20Contrabass/Trem/*,see repository licence
vsco_hi.tgz,https://github.com/sgossner/VSCO-2-CE.git,/Strings/Viola%20Section/susvib/* /Strings/Viola%20Section/trem/* /Strings/Violin%20Section/susVib/* /Strings/Violin%20Section/Trem/*,see repository licence
vsco_solo.tgz,https://github.com/sgossner/VSCO-2-CE.git,/Strings/Solo%20Violin/Arco%20Vib/* /Strings/Solo%20Violin/Trem/*,see repository licence
vsco_low.tgz,https://github.com/sgossner/VSCO-2-CE.git,/Brass/F%20Horn/sus/* /Brass/Tuba/sus/* /Woodwinds/Bassoon/sus/*,see repository licence
vsco_hits.tgz,https://github.com/sgossner/VSCO-2-CE.git,/VSCO%201%20Percussion/drums/bass/* /VSCO%201%20Percussion/varMetal/Gong/* /Miscellania%20Raw/Misc%201/*gong*,see repository licence
vcsl_perc.tgz,https://github.com/sgossner/VCSL.git,/Idiophones/Struck%20Idiophones/Tubular%20Bells%202/* /Idiophones/Struck%20Idiophones/Gong%201/* /Idiophones/Struck%20Idiophones/Gong%202/* /Membranophones/Struck%20Membranophones/Bass%20Drum%202/* /Membranophones/Struck%20Membranophones/Frame%20Drum/* /Idiophones/Friction%20Idiophones/Wine%20Glasses/*,see repository licence
vcsl_keys.tgz,https://github.com/sgossner/VCSL.git,/Aerophones/Edge-blown%20Aerophones/Renaissance%20Organ/* /Chordophones/Zithers/Psaltery,%20Bowed%20and%20Plucked/*,see repository licence
rain_thunder_2.wav,bigsoundbank.com sound 0740 (https://bigsoundbank.com:443/s0740.html),https://bigsoundbank.com/UPLOAD/bwf-en/0740.wav,CC0 (BigSoundBank / Joseph Sardin)
rain_thunder_1.wav,bigsoundbank.com sound 0124 (https://bigsoundbank.com:443/s0124.html),https://bigsoundbank.com/UPLOAD/bwf-en/0124.wav,CC0 (BigSoundBank / Joseph Sardin)
rain_concrete.wav,bigsoundbank.com sound 1289 (https://bigsoundbank.com:443/s1289.html),https://bigsoundbank.com/UPLOAD/bwf-en/1289.wav,CC0 (BigSoundBank / Joseph Sardin)
rain_puddle.wav,bigsoundbank.com sound 1290 (https://bigsoundbank.com:443/s1290.html),https://bigsoundbank.com/UPLOAD/bwf-en/1290.wav,CC0 (BigSoundBank / Joseph Sardin)
night_after_rain.wav,bigsoundbank.com sound 0621 (https://bigsoundbank.com:443/s0621.html),https://bigsoundbank.com/UPLOAD/bwf-en/0621.wav,CC0 (BigSoundBank / Joseph Sardin)
drops_1.wav,bigsoundbank.com sound 1384 (https://bigsoundbank.com:443/s1384.html),https://bigsoundbank.com/UPLOAD/bwf-en/1384.wav,CC0 (BigSoundBank / Joseph Sardin)
drops_2.wav,bigsoundbank.com sound 1385 (https://bigsoundbank.com:443/s1385.html),https://bigsoundbank.com/UPLOAD/bwf-en/1385.wav,CC0 (BigSoundBank / Joseph Sardin)
drops_3.wav,bigsoundbank.com sound 1386 (https://bigsoundbank.com:443/s1386.html),https://bigsoundbank.com/UPLOAD/bwf-en/1386.wav,CC0 (BigSoundBank / Joseph Sardin)
drops_4.wav,bigsoundbank.com sound 1387 (https://bigsoundbank.com:443/s1387.html),https://bigsoundbank.com/UPLOAD/bwf-en/1387.wav,CC0 (BigSoundBank / Joseph Sardin)
thunder_1.wav,bigsoundbank.com sound 2718 (https://bigsoundbank.com:443/s2718.html),https://bigsoundbank.com/UPLOAD/bwf-en/2718.wav,CC0 (BigSoundBank / Joseph Sardin)
thunder_4.wav,bigsoundbank.com sound 3115 (https://bigsoundbank.com:443/s3115.html),https://bigsoundbank.com/UPLOAD/bwf-en/3115.wav,CC0 (BigSoundBank / Joseph Sardin)
thunder_8.wav,bigsoundbank.com sound 3181 (https://bigsoundbank.com:443/s3181.html),https://bigsoundbank.com/UPLOAD/bwf-en/3181.wav,CC0 (BigSoundBank / Joseph Sardin)
cave_1.wav,bigsoundbank.com sound 2135 (https://bigsoundbank.com:443/s2135.html),https://bigsoundbank.com/UPLOAD/bwf-en/2135.wav,CC0 (BigSoundBank / Joseph Sardin)
cave_2.wav,bigsoundbank.com sound 2136 (https://bigsoundbank.com:443/s2136.html),https://bigsoundbank.com/UPLOAD/bwf-en/2136.wav,CC0 (BigSoundBank / Joseph Sardin)
wind_inside_1.wav,bigsoundbank.com sound 1714 (https://bigsoundbank.com:443/s1714.html),https://bigsoundbank.com/UPLOAD/bwf-en/1714.wav,CC0 (BigSoundBank / Joseph Sardin)
wind_inside_2.wav,bigsoundbank.com sound 1715 (https://bigsoundbank.com:443/s1715.html),https://bigsoundbank.com/UPLOAD/bwf-en/1715.wav,CC0 (BigSoundBank / Joseph Sardin)
wind_inside_3.wav,bigsoundbank.com sound 1716 (https://bigsoundbank.com:443/s1716.html),https://bigsoundbank.com/UPLOAD/bwf-en/1716.wav,CC0 (BigSoundBank / Joseph Sardin)
wind_whistle_1.wav,bigsoundbank.com sound 0147 (https://bigsoundbank.com:443/s0147.html),https://bigsoundbank.com/UPLOAD/bwf-en/0147.wav,CC0 (BigSoundBank / Joseph Sardin)
wind_whistle_2.wav,bigsoundbank.com sound 0155 (https://bigsoundbank.com:443/s0155.html),https://bigsoundbank.com/UPLOAD/bwf-en/0155.wav,CC0 (BigSoundBank / Joseph Sardin)
wind_plain.wav,bigsoundbank.com sound 0595 (https://bigsoundbank.com:443/s0595.html),https://bigsoundbank.com/UPLOAD/bwf-en/0595.wav,CC0 (BigSoundBank / Joseph Sardin)
strong_wind_1.wav,bigsoundbank.com sound 0146 (https://bigsoundbank.com:443/s0146.html),https://bigsoundbank.com/UPLOAD/bwf-en/0146.wav,CC0 (BigSoundBank / Joseph Sardin)
strong_wind_village.wav,bigsoundbank.com sound 0625 (https://bigsoundbank.com:443/s0625.html),https://bigsoundbank.com/UPLOAD/bwf-en/0625.wav,CC0 (BigSoundBank / Joseph Sardin)
wind_tree_squeaks.wav,bigsoundbank.com sound 1051 (https://bigsoundbank.com:443/s1051.html),https://bigsoundbank.com/UPLOAD/bwf-en/1051.wav,CC0 (BigSoundBank / Joseph Sardin)
campaign_night_1.wav,bigsoundbank.com sound 0110 (https://bigsoundbank.com:443/s0110.html),https://bigsoundbank.com/UPLOAD/bwf-en/0110.wav,CC0 (BigSoundBank / Joseph Sardin)
campaign_night_3.wav,bigsoundbank.com sound 1469 (https://bigsoundbank.com:443/s1469.html),https://bigsoundbank.com/UPLOAD/bwf-en/1469.wav,CC0 (BigSoundBank / Joseph Sardin)
owl_tawny.wav,bigsoundbank.com sound 0429 (https://bigsoundbank.com:443/s0429.html),https://bigsoundbank.com/UPLOAD/bwf-en/0429.wav,CC0 (BigSoundBank / Joseph Sardin)
owl_long_eared.wav,bigsoundbank.com sound 0936 (https://bigsoundbank.com:443/s0936.html),https://bigsoundbank.com/UPLOAD/bwf-en/0936.wav,CC0 (BigSoundBank / Joseph Sardin)
crows_1.wav,bigsoundbank.com sound 0754 (https://bigsoundbank.com:443/s0754.html),https://bigsoundbank.com/UPLOAD/bwf-en/0754.wav,CC0 (BigSoundBank / Joseph Sardin)
crows_2.wav,bigsoundbank.com sound 0956 (https://bigsoundbank.com:443/s0956.html),https://bigsoundbank.com/UPLOAD/bwf-en/0956.wav,CC0 (BigSoundBank / Joseph Sardin)
carrion_crow_4.wav,bigsoundbank.com sound 3464 (https://bigsoundbank.com:443/s3464.html),https://bigsoundbank.com/UPLOAD/bwf-en/3464.wav,CC0 (BigSoundBank / Joseph Sardin)
stream_small.wav,bigsoundbank.com sound 0823 (https://bigsoundbank.com:443/s0823.html),https://bigsoundbank.com/UPLOAD/bwf-en/0823.wav,CC0 (BigSoundBank / Joseph Sardin)
candle_sparkle_1.wav,bigsoundbank.com sound 1278 (https://bigsoundbank.com:443/s1278.html),https://bigsoundbank.com/UPLOAD/bwf-en/1278.wav,CC0 (BigSoundBank / Joseph Sardin)
candle_sparkle_2.wav,bigsoundbank.com sound 1279 (https://bigsoundbank.com:443/s1279.html),https://bigsoundbank.com/UPLOAD/bwf-en/1279.wav,CC0 (BigSoundBank / Joseph Sardin)
blow_1.wav,bigsoundbank.com sound 1602 (https://bigsoundbank.com:443/s1602.html),https://bigsoundbank.com/UPLOAD/bwf-en/1602.wav,CC0 (BigSoundBank / Joseph Sardin)
blow_2.wav,bigsoundbank.com sound 1603 (https://bigsoundbank.com:443/s1603.html),https://bigsoundbank.com/UPLOAD/bwf-en/1603.wav,CC0 (BigSoundBank / Joseph Sardin)
match_1.wav,bigsoundbank.com sound 0004 (https://bigsoundbank.com:443/s0004.html),https://bigsoundbank.com/UPLOAD/bwf-en/0004.wav,CC0 (BigSoundBank / Joseph Sardin)
match_2.wav,bigsoundbank.com sound 1271 (https://bigsoundbank.com:443/s1271.html),https://bigsoundbank.com/UPLOAD/bwf-en/1271.wav,CC0 (BigSoundBank / Joseph Sardin)
fireplace_1.wav,bigsoundbank.com sound 0030 (https://bigsoundbank.com:443/s0030.html),https://bigsoundbank.com/UPLOAD/bwf-en/0030.wav,CC0 (BigSoundBank / Joseph Sardin)
fireplace_2.wav,bigsoundbank.com sound 0031 (https://bigsoundbank.com:443/s0031.html),https://bigsoundbank.com/UPLOAD/bwf-en/0031.wav,CC0 (BigSoundBank / Joseph Sardin)
fireplace_3.wav,bigsoundbank.com sound 2855 (https://bigsoundbank.com:443/s2855.html),https://bigsoundbank.com/UPLOAD/bwf-en/2855.wav,CC0 (BigSoundBank / Joseph Sardin)
fire_branching_1.wav,bigsoundbank.com sound 0987 (https://bigsoundbank.com:443/s0987.html),https://bigsoundbank.com/UPLOAD/bwf-en/0987.wav,CC0 (BigSoundBank / Joseph Sardin)
fire_branching_2.wav,bigsoundbank.com sound 0988 (https://bigsoundbank.com:443/s0988.html),https://bigsoundbank.com/UPLOAD/bwf-en/0988.wav,CC0 (BigSoundBank / Joseph Sardin)
fire_branching_3.wav,bigsoundbank.com sound 0989 (https://bigsoundbank.com:443/s0989.html),https://bigsoundbank.com/UPLOAD/bwf-en/0989.wav,CC0 (BigSoundBank / Joseph Sardin)
fire_foley.wav,bigsoundbank.com sound 3322 (https://bigsoundbank.com:443/s3322.html),https://bigsoundbank.com/UPLOAD/bwf-en/3322.wav,CC0 (BigSoundBank / Joseph Sardin)
pencil_1.wav,bigsoundbank.com sound 0221 (https://bigsoundbank.com:443/s0221.html),https://bigsoundbank.com/UPLOAD/bwf-en/0221.wav,CC0 (BigSoundBank / Joseph Sardin)
pencil_2.wav,bigsoundbank.com sound 3233 (https://bigsoundbank.com:443/s3233.html),https://bigsoundbank.com/UPLOAD/bwf-en/3233.wav,CC0 (BigSoundBank / Joseph Sardin)
pencil_3.wav,bigsoundbank.com sound 3234 (https://bigsoundbank.com:443/s3234.html),https://bigsoundbank.com/UPLOAD/bwf-en/3234.wav,CC0 (BigSoundBank / Joseph Sardin)
pencil_4.wav,bigsoundbank.com sound 3235 (https://bigsoundbank.com:443/s3235.html),https://bigsoundbank.com/UPLOAD/bwf-en/3235.wav,CC0 (BigSoundBank / Joseph Sardin)
pencil_sig_1.wav,bigsoundbank.com sound 3236 (https://bigsoundbank.com:443/s3236.html),https://bigsoundbank.com/UPLOAD/bwf-en/3236.wav,CC0 (BigSoundBank / Joseph Sardin)
pencil_sig_2.wav,bigsoundbank.com sound 3237 (https://bigsoundbank.com:443/s3237.html),https://bigsoundbank.com/UPLOAD/bwf-en/3237.wav,CC0 (BigSoundBank / Joseph Sardin)
pencil_sig_3.wav,bigsoundbank.com sound 3238 (https://bigsoundbank.com:443/s3238.html),https://bigsoundbank.com/UPLOAD/bwf-en/3238.wav,CC0 (BigSoundBank / Joseph Sardin)
paper.wav,bigsoundbank.com sound 0785 (https://bigsoundbank.com:443/s0785.html),https://bigsoundbank.com/UPLOAD/bwf-en/0785.wav,CC0 (BigSoundBank / Joseph Sardin)
pages_turn_1.wav,bigsoundbank.com sound 0493 (https://bigsoundbank.com:443/s0493.html),https://bigsoundbank.com/UPLOAD/bwf-en/0493.wav,CC0 (BigSoundBank / Joseph Sardin)
pages_turn_2.wav,bigsoundbank.com sound 1413 (https://bigsoundbank.com:443/s1413.html),https://bigsoundbank.com/UPLOAD/bwf-en/1413.wav,CC0 (BigSoundBank / Joseph Sardin)
page_turned.wav,bigsoundbank.com sound 0164 (https://bigsoundbank.com:443/s0164.html),https://bigsoundbank.com/UPLOAD/bwf-en/0164.wav,CC0 (BigSoundBank / Joseph Sardin)
great_page_1.wav,bigsoundbank.com sound 0362 (https://bigsoundbank.com:443/s0362.html),https://bigsoundbank.com/UPLOAD/bwf-en/0362.wav,CC0 (BigSoundBank / Joseph Sardin)
great_page_2.wav,bigsoundbank.com sound 0363 (https://bigsoundbank.com:443/s0363.html),https://bigsoundbank.com/UPLOAD/bwf-en/0363.wav,CC0 (BigSoundBank / Joseph Sardin)
torn_creased_1.wav,bigsoundbank.com sound 1225 (https://bigsoundbank.com:443/s1225.html),https://bigsoundbank.com/UPLOAD/bwf-en/1225.wav,CC0 (BigSoundBank / Joseph Sardin)
book_closed_1.wav,bigsoundbank.com sound 1410 (https://bigsoundbank.com:443/s1410.html),https://bigsoundbank.com/UPLOAD/bwf-en/1410.wav,CC0 (BigSoundBank / Joseph Sardin)
book_closed_2.wav,bigsoundbank.com sound 1411 (https://bigsoundbank.com:443/s1411.html),https://bigsoundbank.com/UPLOAD/bwf-en/1411.wav,CC0 (BigSoundBank / Joseph Sardin)
book_closed_3.wav,bigsoundbank.com sound 1412 (https://bigsoundbank.com:443/s1412.html),https://bigsoundbank.com/UPLOAD/bwf-en/1412.wav,CC0 (BigSoundBank / Joseph Sardin)
cloth.wav,bigsoundbank.com sound 0013 (https://bigsoundbank.com:443/s0013.html),https://bigsoundbank.com/UPLOAD/bwf-en/0013.wav,CC0 (BigSoundBank / Joseph Sardin)
lock_big_key.wav,bigsoundbank.com sound 0378 (https://bigsoundbank.com:443/s0378.html),https://bigsoundbank.com/UPLOAD/bwf-en/0378.wav,CC0 (BigSoundBank / Joseph Sardin)
lock.wav,bigsoundbank.com sound 0191 (https://bigsoundbank.com:443/s0191.html),https://bigsoundbank.com/UPLOAD/bwf-en/0191.wav,CC0 (BigSoundBank / Joseph Sardin)
keys_lock_5.wav,bigsoundbank.com sound 2425 (https://bigsoundbank.com:443/s2425.html),https://bigsoundbank.com/UPLOAD/bwf-en/2425.wav,CC0 (BigSoundBank / Joseph Sardin)
keys_hand.wav,bigsoundbank.com sound 0445 (https://bigsoundbank.com:443/s0445.html),https://bigsoundbank.com/UPLOAD/bwf-en/0445.wav,CC0 (BigSoundBank / Joseph Sardin)
creak_metal_door.wav,bigsoundbank.com sound 0616 (https://bigsoundbank.com:443/s0616.html),https://bigsoundbank.com/UPLOAD/bwf-en/0616.wav,CC0 (BigSoundBank / Joseph Sardin)
barn_door.wav,bigsoundbank.com sound 0538 (https://bigsoundbank.com:443/s0538.html),https://bigsoundbank.com/UPLOAD/bwf-en/0538.wav,CC0 (BigSoundBank / Joseph Sardin)
creak_barn_door.wav,bigsoundbank.com sound 0539 (https://bigsoundbank.com:443/s0539.html),https://bigsoundbank.com/UPLOAD/bwf-en/0539.wav,CC0 (BigSoundBank / Joseph Sardin)
long_creak_door.wav,bigsoundbank.com sound 0306 (https://bigsoundbank.com:443/s0306.html),https://bigsoundbank.com/UPLOAD/bwf-en/0306.wav,CC0 (BigSoundBank / Joseph Sardin)
creaking_door_1.wav,bigsoundbank.com sound 0302 (https://bigsoundbank.com:443/s0302.html),https://bigsoundbank.com/UPLOAD/bwf-en/0302.wav,CC0 (BigSoundBank / Joseph Sardin)
creaking_door_2.wav,bigsoundbank.com sound 3205 (https://bigsoundbank.com:443/s3205.html),https://bigsoundbank.com/UPLOAD/bwf-en/3205.wav,CC0 (BigSoundBank / Joseph Sardin)
creaking_door_4.wav,bigsoundbank.com sound 3207 (https://bigsoundbank.com:443/s3207.html),https://bigsoundbank.com/UPLOAD/bwf-en/3207.wav,CC0 (BigSoundBank / Joseph Sardin)
creaking_door_8.wav,bigsoundbank.com sound 3211 (https://bigsoundbank.com:443/s3211.html),https://bigsoundbank.com/UPLOAD/bwf-en/3211.wav,CC0 (BigSoundBank / Joseph Sardin)
door_plain.wav,bigsoundbank.com sound 0015 (https://bigsoundbank.com:443/s0015.html),https://bigsoundbank.com/UPLOAD/bwf-en/0015.wav,CC0 (BigSoundBank / Joseph Sardin)
door_knock.wav,bigsoundbank.com sound 0095 (https://bigsoundbank.com:443/s0095.html),https://bigsoundbank.com/UPLOAD/bwf-en/0095.wav,CC0 (BigSoundBank / Joseph Sardin)
door_slam_1.wav,bigsoundbank.com sound 0103 (https://bigsoundbank.com:443/s0103.html),https://bigsoundbank.com/UPLOAD/bwf-en/0103.wav,CC0 (BigSoundBank / Joseph Sardin)
heavy_chain.wav,bigsoundbank.com sound 0359 (https://bigsoundbank.com:443/s0359.html),https://bigsoundbank.com/UPLOAD/bwf-en/0359.wav,CC0 (BigSoundBank / Joseph Sardin)
medium_chain.wav,bigsoundbank.com sound 0619 (https://bigsoundbank.com:443/s0619.html),https://bigsoundbank.com/UPLOAD/bwf-en/0619.wav,CC0 (BigSoundBank / Joseph Sardin)
chain_med_1.wav,bigsoundbank.com sound 0360 (https://bigsoundbank.com:443/s0360.html),https://bigsoundbank.com/UPLOAD/bwf-en/0360.wav,CC0 (BigSoundBank / Joseph Sardin)
handcuffs_4.wav,bigsoundbank.com sound 2559 (https://bigsoundbank.com:443/s2559.html),https://bigsoundbank.com/UPLOAD/bwf-en/2559.wav,CC0 (BigSoundBank / Joseph Sardin)
anvil_1.wav,bigsoundbank.com sound 3589 (https://bigsoundbank.com:443/s3589.html),https://bigsoundbank.com/UPLOAD/bwf-en/3589.wav,CC0 (BigSoundBank / Joseph Sardin)
anvil_2.wav,bigsoundbank.com sound 3590 (https://bigsoundbank.com:443/s3590.html),https://bigsoundbank.com/UPLOAD/bwf-en/3590.wav,CC0 (BigSoundBank / Joseph Sardin)
iron_bar_fall_2.wav,bigsoundbank.com sound 0235 (https://bigsoundbank.com:443/s0235.html),https://bigsoundbank.com/UPLOAD/bwf-en/0235.wav,CC0 (BigSoundBank / Joseph Sardin)
grind_gate_1.wav,bigsoundbank.com sound 0303 (https://bigsoundbank.com:443/s0303.html),https://bigsoundbank.com/UPLOAD/bwf-en/0303.wav,CC0 (BigSoundBank / Joseph Sardin)
grind_gate_2.wav,bigsoundbank.com sound 0304 (https://bigsoundbank.com:443/s0304.html),https://bigsoundbank.com/UPLOAD/bwf-en/0304.wav,CC0 (BigSoundBank / Joseph Sardin)
steps_stone_stair.wav,bigsoundbank.com sound 0606 (https://bigsoundbank.com:443/s0606.html),https://bigsoundbank.com/UPLOAD/bwf-en/0606.wav,CC0 (BigSoundBank / Joseph Sardin)
steps_concrete.wav,bigsoundbank.com sound 0514 (https://bigsoundbank.com:443/s0514.html),https://bigsoundbank.com/UPLOAD/bwf-en/0514.wav,CC0 (BigSoundBank / Joseph Sardin)
steps_wood_floor.wav,bigsoundbank.com sound 0165 (https://bigsoundbank.com:443/s0165.html),https://bigsoundbank.com/UPLOAD/bwf-en/0165.wav,CC0 (BigSoundBank / Joseph Sardin)
floor_squeaks.wav,bigsoundbank.com sound 0518 (https://bigsoundbank.com:443/s0518.html),https://bigsoundbank.com/UPLOAD/bwf-en/0518.wav,CC0 (BigSoundBank / Joseph Sardin)
squeaky_steps_1.wav,bigsoundbank.com sound 3440 (https://bigsoundbank.com:443/s3440.html),https://bigsoundbank.com/UPLOAD/bwf-en/3440.wav,CC0 (BigSoundBank / Joseph Sardin)
rope.wav,bigsoundbank.com sound 0554 (https://bigsoundbank.com:443/s0554.html),https://bigsoundbank.com/UPLOAD/bwf-en/0554.wav,CC0 (BigSoundBank / Joseph Sardin)
rope_big.wav,bigsoundbank.com sound 3426 (https://bigsoundbank.com:443/s3426.html),https://bigsoundbank.com/UPLOAD/bwf-en/3426.wav,CC0 (BigSoundBank / Joseph Sardin)
rope_2.wav,bigsoundbank.com sound 3418 (https://bigsoundbank.com:443/s3418.html),https://bigsoundbank.com/UPLOAD/bwf-en/3418.wav,CC0 (BigSoundBank / Joseph Sardin)
rope_slide_1.wav,bigsoundbank.com sound 1818 (https://bigsoundbank.com:443/s1818.html),https://bigsoundbank.com/UPLOAD/bwf-en/1818.wav,CC0 (BigSoundBank / Joseph Sardin)
rope_slide_5.wav,bigsoundbank.com sound 1822 (https://bigsoundbank.com:443/s1822.html),https://bigsoundbank.com/UPLOAD/bwf-en/1822.wav,CC0 (BigSoundBank / Joseph Sardin)
winder_1.wav,bigsoundbank.com sound 1674 (https://bigsoundbank.com:443/s1674.html),https://bigsoundbank.com/UPLOAD/bwf-en/1674.wav,CC0 (BigSoundBank / Joseph Sardin)
winder_2.wav,bigsoundbank.com sound 1675 (https://bigsoundbank.com:443/s1675.html),https://bigsoundbank.com/UPLOAD/bwf-en/1675.wav,CC0 (BigSoundBank / Joseph Sardin)
wood_vibr.wav,bigsoundbank.com sound 2436 (https://bigsoundbank.com:443/s2436.html),https://bigsoundbank.com/UPLOAD/bwf-en/2436.wav,CC0 (BigSoundBank / Joseph Sardin)
squeaky_barrow_4.wav,bigsoundbank.com sound 2519 (https://bigsoundbank.com:443/s2519.html),https://bigsoundbank.com/UPLOAD/bwf-en/2519.wav,CC0 (BigSoundBank / Joseph Sardin)
nail_hammer_1.wav,bigsoundbank.com sound 0005 (https://bigsoundbank.com:443/s0005.html),https://bigsoundbank.com/UPLOAD/bwf-en/0005.wav,CC0 (BigSoundBank / Joseph Sardin)
saw_wood.wav,bigsoundbank.com sound 0559 (https://bigsoundbank.com:443/s0559.html),https://bigsoundbank.com/UPLOAD/bwf-en/0559.wav,CC0 (BigSoundBank / Joseph Sardin)
body_fall_1.wav,bigsoundbank.com sound 2452 (https://bigsoundbank.com:443/s2452.html),https://bigsoundbank.com/UPLOAD/bwf-en/2452.wav,CC0 (BigSoundBank / Joseph Sardin)
body_fall_2.wav,bigsoundbank.com sound 2453 (https://bigsoundbank.com:443/s2453.html),https://bigsoundbank.com/UPLOAD/bwf-en/2453.wav,CC0 (BigSoundBank / Joseph Sardin)
body_fall_5.wav,bigsoundbank.com sound 2456 (https://bigsoundbank.com:443/s2456.html),https://bigsoundbank.com/UPLOAD/bwf-en/2456.wav,CC0 (BigSoundBank / Joseph Sardin)
man_breathing.wav,bigsoundbank.com sound 2195 (https://bigsoundbank.com:443/s2195.html),https://bigsoundbank.com/UPLOAD/bwf-en/2195.wav,CC0 (BigSoundBank / Joseph Sardin)
breathless_man.wav,bigsoundbank.com sound 1103 (https://bigsoundbank.com:443/s1103.html),https://bigsoundbank.com/UPLOAD/bwf-en/1103.wav,CC0 (BigSoundBank / Joseph Sardin)
sigh_mouth.wav,bigsoundbank.com sound 1405 (https://bigsoundbank.com:443/s1405.html),https://bigsoundbank.com/UPLOAD/bwf-en/1405.wav,CC0 (BigSoundBank / Joseph Sardin)
sigh_nose.wav,bigsoundbank.com sound 1404 (https://bigsoundbank.com:443/s1404.html),https://bigsoundbank.com/UPLOAD/bwf-en/1404.wav,CC0 (BigSoundBank / Joseph Sardin)
heartbeat_4.wav,bigsoundbank.com sound 1929 (https://bigsoundbank.com:443/s1929.html),https://bigsoundbank.com/UPLOAD/bwf-en/1929.wav,CC0 (BigSoundBank / Joseph Sardin)
heartbeat_5.wav,bigsoundbank.com sound 1930 (https://bigsoundbank.com:443/s1930.html),https://bigsoundbank.com/UPLOAD/bwf-en/1930.wav,CC0 (BigSoundBank / Joseph Sardin)
goat_bleat_1.wav,bigsoundbank.com sound 0279 (https://bigsoundbank.com:443/s0279.html),https://bigsoundbank.com/UPLOAD/bwf-en/0279.wav,CC0 (BigSoundBank / Joseph Sardin)
goat_bleat_2.wav,bigsoundbank.com sound 0280 (https://bigsoundbank.com:443/s0280.html),https://bigsoundbank.com/UPLOAD/bwf-en/0280.wav,CC0 (BigSoundBank / Joseph Sardin)
goat_1.wav,bigsoundbank.com sound 1380 (https://bigsoundbank.com:443/s1380.html),https://bigsoundbank.com/UPLOAD/bwf-en/1380.wav,CC0 (BigSoundBank / Joseph Sardin)
goat_2.wav,bigsoundbank.com sound 1381 (https://bigsoundbank.com:443/s1381.html),https://bigsoundbank.com/UPLOAD/bwf-en/1381.wav,CC0 (BigSoundBank / Joseph Sardin)
dogs_breathing.wav,bigsoundbank.com sound 1547 (https://bigsoundbank.com:443/s1547.html),https://bigsoundbank.com/UPLOAD/bwf-en/1547.wav,CC0 (BigSoundBank / Joseph Sardin)
old_dog_bark_3.wav,bigsoundbank.com sound 2354 (https://bigsoundbank.com:443/s2354.html),https://bigsoundbank.com/UPLOAD/bwf-en/2354.wav,CC0 (BigSoundBank / Joseph Sardin)
church_bell.wav,bigsoundbank.com sound 0135 (https://bigsoundbank.com:443/s0135.html),https://bigsoundbank.com/UPLOAD/bwf-en/0135.wav,CC0 (BigSoundBank / Joseph Sardin)
church_bell_1.wav,bigsoundbank.com sound 0830 (https://bigsoundbank.com:443/s0830.html),https://bigsoundbank.com/UPLOAD/bwf-en/0830.wav,CC0 (BigSoundBank / Joseph Sardin)
church_bells_4.wav,bigsoundbank.com sound 0829 (https://bigsoundbank.com:443/s0829.html),https://bigsoundbank.com/UPLOAD/bwf-en/0829.wav,CC0 (BigSoundBank / Joseph Sardin)
church_bells_10h.wav,bigsoundbank.com sound 0994 (https://bigsoundbank.com:443/s0994.html),https://bigsoundbank.com/UPLOAD/bwf-en/0994.wav,CC0 (BigSoundBank / Joseph Sardin)
bell_1oclock.wav,bigsoundbank.com sound 3446 (https://bigsoundbank.com:443/s3446.html),https://bigsoundbank.com/UPLOAD/bwf-en/3446.wav,CC0 (BigSoundBank / Joseph Sardin)
bell_5oclock.wav,bigsoundbank.com sound 3445 (https://bigsoundbank.com:443/s3445.html),https://bigsoundbank.com/UPLOAD/bwf-en/3445.wav,CC0 (BigSoundBank / Joseph Sardin)
church_square.wav,bigsoundbank.com sound 0107 (https://bigsoundbank.com:443/s0107.html),https://bigsoundbank.com/UPLOAD/bwf-en/0107.wav,CC0 (BigSoundBank / Joseph Sardin)
mass_exit_bells.wav,bigsoundbank.com sound 2795 (https://bigsoundbank.com:443/s2795.html),https://bigsoundbank.com/UPLOAD/bwf-en/2795.wav,CC0 (BigSoundBank / Joseph Sardin)
chartres_office.wav,bigsoundbank.com sound 0506 (https://bigsoundbank.com:443/s0506.html),https://bigsoundbank.com/UPLOAD/bwf-en/0506.wav,CC0 (BigSoundBank / Joseph Sardin)
whoosh_3.wav,bigsoundbank.com sound 1795 (https://bigsoundbank.com:443/s1795.html),https://bigsoundbank.com/UPLOAD/bwf-en/1795.wav,CC0 (BigSoundBank / Joseph Sardin)
whoosh_4.wav,bigsoundbank.com sound 1796 (https://bigsoundbank.com:443/s1796.html),https://bigsoundbank.com/UPLOAD/bwf-en/1796.wav,CC0 (BigSoundBank / Joseph Sardin)
whoosh_5.wav,bigsoundbank.com sound 1797 (https://bigsoundbank.com:443/s1797.html),https://bigsoundbank.com/UPLOAD/bwf-en/1797.wav,CC0 (BigSoundBank / Joseph Sardin)
whoosh_6.wav,bigsoundbank.com sound 1799 (https://bigsoundbank.com:443/s1799.html),https://bigsoundbank.com/UPLOAD/bwf-en/1799.wav,CC0 (BigSoundBank / Joseph Sardin)
whoosh_7.wav,bigsoundbank.com sound 1800 (https://bigsoundbank.com:443/s1800.html),https://bigsoundbank.com/UPLOAD/bwf-en/1800.wav,CC0 (BigSoundBank / Joseph Sardin)
whoosh_8.wav,bigsoundbank.com sound 1801 (https://bigsoundbank.com:443/s1801.html),https://bigsoundbank.com/UPLOAD/bwf-en/1801.wav,CC0 (BigSoundBank / Joseph Sardin)
whoosh_9.wav,bigsoundbank.com sound 1802 (https://bigsoundbank.com:443/s1802.html),https://bigsoundbank.com/UPLOAD/bwf-en/1802.wav,CC0 (BigSoundBank / Joseph Sardin)
ice_crack_1.wav,bigsoundbank.com sound 2205 (https://bigsoundbank.com:443/s2205.html),https://bigsoundbank.com/UPLOAD/bwf-en/2205.wav,CC0 (BigSoundBank / Joseph Sardin)
ice_crack_2.wav,bigsoundbank.com sound 2206 (https://bigsoundbank.com:443/s2206.html),https://bigsoundbank.com/UPLOAD/bwf-en/2206.wav,CC0 (BigSoundBank / Joseph Sardin)
ice_crack_3.wav,bigsoundbank.com sound 2207 (https://bigsoundbank.com:443/s2207.html),https://bigsoundbank.com/UPLOAD/bwf-en/2207.wav,CC0 (BigSoundBank / Joseph Sardin)
ice_crack_4.wav,bigsoundbank.com sound 2208 (https://bigsoundbank.com:443/s2208.html),https://bigsoundbank.com/UPLOAD/bwf-en/2208.wav,CC0 (BigSoundBank / Joseph Sardin)
defrost_6.wav,bigsoundbank.com sound 2224 (https://bigsoundbank.com:443/s2224.html),https://bigsoundbank.com/UPLOAD/bwf-en/2224.wav,CC0 (BigSoundBank / Joseph Sardin)
vsco_tree.txt,https://github.com/sgossner/VSCO-2-CE.git,file list,see repository licence
vcsl_tree.txt,https://github.com/sgossner/VCSL.git,file list,see repository licence
vsco_strings.tgz,https://github.com/sgossner/VSCO-2-CE.git,/Strings/*Cello* /Strings/*Bass*,see repository licence
vsco_perc.tgz,https://github.com/sgossner/VSCO-2-CE.git,*Timpani* *Tubular* *Bass%20Drum* *Gran* *Upright* *Organ*,see repository licence
